Product Name,Rating,Link
Wish Hand Sanitizer 3.38oz Tube with Vitamin E,3.1,/Wish-Hand-Sanitizer-3-38oz-Vitamin/dp/B086PKKZXZ/ref=sr_1_1?crid=60MVQM6QJ8UL&dchild=1&keywords=hand+sanitizer&qid=1589862431&sprefix=hand%2Caps%2C271&sr=8-1
"Advanced Hand Sanitizer, Large Bulk Refill Liquid, 80% Alcohol, 1 Gallon, 128 Fl Oz, Made in USA - Unscented",3.3,/Advanced-PlusHand-Sanitizer-Liquid-Gallon/dp/B087Z4BCSH/ref=sr_1_2?crid=60MVQM6QJ8UL&dchild=1&keywords=hand+sanitizer&qid=1589862431&sprefix=hand%2Caps%2C271&sr=8-2
"Natural Concepts Hand Sanitizer Gel, Bulk Pack of 4, 32 oz Bottles, 65% Ethyl Alcohol, Protect Against Germs On-The-Go with a Refreshing Vitamin E Formula",3.5,/Natural-Concepts-Sanitizer-Bottles-Refreshing/dp/B0865PMVM7/ref=sr_1_3?crid=60MVQM6QJ8UL&dchild=1&keywords=hand+sanitizer&qid=1589862431&sprefix=hand%2Caps%2C271&sr=8-3
"Artnaturals Alcohol Based Hand Sanitizer Gel (12 Pack x 8 Fl Oz / 220ml) Infused with Alovera Gel, Jojoba Oil & Vitamin E - Unscented Fragrance Free Sanitize",3.5,/Artnaturals-Alcohol-Sanitizer-Infused-Alovera/dp/B085Q13423/ref=sr_1_4?crid=60MVQM6QJ8UL&dchild=1&keywords=hand+sanitizer&qid=1589862431&sprefix=hand%2Caps%2C271&sr=8-4
"Hand Sanitizer Clean Gel with Aloe Vera and Moisturizing Agents, Kills 99.99% of Germs, (2 Pack x 10.14 Fl Oz)",5.0,/Sanitizer-Clean-Moisturizing-Agents-99-99/dp/B0877C3JJ8/ref=sr_1_5?crid=60MVQM6QJ8UL&dchild=1&keywords=hand+sanitizer&qid=1589862431&sprefix=hand%2Caps%2C271&sr=8-5
"Babyganics Alcohol-Free Foaming Hand Sanitizer, Pump Bottle, Fragrance Free, 8.45 oz, 3 Pack, Packaging May Vary",4.6,/Babyganics-Alcohol-Free-Foaming-Sanitizer-Fragrance/dp/B00FSCAXE8/ref=sr_1_7?crid=60MVQM6QJ8UL&dchild=1&keywords=hand+sanitizer&qid=1589862431&sprefix=hand%2Caps%2C271&sr=8-7
"Adam's Hand Sanitizer 8oz (3 Pack) - USA Made Hand Sanitizing Spray | 75% Isopropyl Alcohol by Volume, Formulated in Accordance with WHO Recommendations | Fast Acting Antiseptic Disinfectant (3 Pack)",4.0,/Adams-Hand-Sanitizer-Pack-Recommendations/dp/B086R5CHVY/ref=sr_1_9?crid=60MVQM6QJ8UL&dchild=1&keywords=hand+sanitizer&qid=1589862431&sprefix=hand%2Caps%2C271&sr=8-9
"Natural Concepts Hand Sanitizer Gel, 6-Pack, 8 oz Bottles, 65% Ethyl Alcohol, Protect Against Germs On-The-Go with a Refreshing Vitamin E Formula",3.8,/Natural-Concepts-Sanitizer-Bottles-Refreshing/dp/B0865JRFFM/ref=sr_1_10?crid=60MVQM6QJ8UL&dchild=1&keywords=hand+sanitizer&qid=1589862431&sprefix=hand%2Caps%2C271&sr=8-10
"GelRite Instant Hand Sanitizer Gel 4 Ounce Travel Size, 2 Pack - Rinse Free, Waterless - Moisturizing Formula, Vitamin E Enriched, 65% Alcohol, No Sticky Residue - Instant Germ Eliminator",4.1,/GelRite-Instant-Sanitizer-Ounce-Travel/dp/B084BNPP5X/ref=sr_1_11?crid=60MVQM6QJ8UL&dchild=1&keywords=hand+sanitizer&qid=1589862431&sprefix=hand%2Caps%2C271&sr=8-11
"NxN Beauty Advanced Hand Sanitizer Refreshing Gel, with 70% Alcohol, 36 Total FL OZ - 3 Pack of 12 OZ (354ml Each)",3.3,/Beauty-Advanced-Sanitizer-Refreshing-Alcohol/dp/B086L73VWN/ref=sr_1_12?crid=60MVQM6QJ8UL&dchild=1&keywords=hand+sanitizer&qid=1589862431&sprefix=hand%2Caps%2C271&sr=8-12
Hand Sanitizer Gel: One Gallon Alcohol Based Bulk (128 oz) 70% Isopropyl .Alcohol Refill Jug by Regalia,4.5,/Hand-Sanitizer-Gel-Alcohol-Isopropyl/dp/B085NC7LRB/ref=sr_1_13?crid=60MVQM6QJ8UL&dchild=1&keywords=hand+sanitizer&qid=1589862431&sprefix=hand%2Caps%2C271&sr=8-13
"Amber and Black Hand Sanitizer Gel, 16 Fl Oz (Packaging May Vary)",3.8,/Amber-Black-Hand-Sanitizer-Packaging/dp/B0874F9CH1/ref=sr_1_14?crid=60MVQM6QJ8UL&dchild=1&keywords=hand+sanitizer&qid=1589862431&sprefix=hand%2Caps%2C271&sr=8-14
SPARITUAL Hand Sanitizer Spray 2oz | 4-Pack Bundle Alcohol Based Hand Sanitizers,5.0,/SPARITUAL-Sanitizer-4-Pack-Alcohol-Sanitizers/dp/B086V73GQ5/ref=sr_1_16?crid=60MVQM6QJ8UL&dchild=1&keywords=hand+sanitizer&qid=1589862431&sprefix=hand%2Caps%2C271&sr=8-16
"Muse Hand Sanitizer - Kills 99.9% of the germs (62% Alcohol, 8 Ounce)",4.1,/Muse-Hand-Sanitizer-Kills-Alcohol/dp/B085PPHQ1D/ref=sr_1_19?crid=60MVQM6QJ8UL&dchild=1&keywords=hand+sanitizer&qid=1589862431&sprefix=hand%2Caps%2C271&sr=8-19
"Artnaturals Alcohol Based Hand Sanitizer Gel (2 Pack x 8 Fl Oz / 220ml) Infused with Alovera Gel, Jojoba Oil & Vitamin E - Unscented Fragrance Free Sanitize",3.9,/Artnaturals-Alcohol-Sanitizer-Infused-Alovera/dp/B085PS82HF/ref=sr_1_20?crid=60MVQM6QJ8UL&dchild=1&keywords=hand+sanitizer&qid=1589862431&sprefix=hand%2Caps%2C271&sr=8-20
Home Made Hand Sanitizer: Make Your Own Anti-Viral & Anti-Bacterial Hand Sanitizer Gel & Spray at Home to Protect Yourself from Viruses & Germs,4.2,/Home-Made-Hand-Sanitizer-Anti-Bacterial-ebook/dp/B08747LJ1F/ref=sr_1_21?crid=60MVQM6QJ8UL&dchild=1&keywords=hand+sanitizer&qid=1589862431&sprefix=hand%2Caps%2C271&sr=8-21
"NewLife Hand Sanitizer with Vitamin E & B5 - Kills Germs Without Soap & Water - Refreshing Gel, Made in USA - 7.8 oz, 3 Pack",4.3,/NewLife-Hand-Sanitizer-Vitamin-Refreshing/dp/B086PFX68W/ref=sr_1_22?crid=60MVQM6QJ8UL&dchild=1&keywords=hand+sanitizer&qid=1589862431&sprefix=hand%2Caps%2C271&sr=8-22
"Aloe Vera Hand Purifying Gel - Cleansing and Waterless Wash - 100% Pure, Natural and Organic Protection for Body with Manuka Honey, Tea Tree, and Rosemary Oil - Moisturizing and Hypoallergenic (8oz)",3.9,/Aloe-Vera-Hand-Purifying-Hypoallergenic/dp/B085J2WTPP/ref=sr_1_24?crid=60MVQM6QJ8UL&dchild=1&keywords=hand+sanitizer&qid=1589862431&sprefix=hand%2Caps%2C271&sr=8-24
"Artnaturals Alcohol Based Hand Sanitizer Gel (8 Pack x 8 Fl Oz / 220ml) Infused with Alovera Gel, Jojoba Oil & Vitamin E - Unscented Fragrance Free Sanitize",4.0,/Artnaturals-Alcohol-Sanitizer-Infused-Alovera/dp/B085PXJF5M/ref=sr_1_25?crid=60MVQM6QJ8UL&dchild=1&keywords=hand+sanitizer&qid=1589862431&sprefix=hand%2Caps%2C271&sr=8-25
Homemade Hand Sanitizer: Make Your Hand Sanitizer at Home for Your Family,4.6,/Homemade-Hand-Sanitizer-Make-Family-ebook/dp/B087CRNJRQ/ref=sr_1_26?crid=60MVQM6QJ8UL&dchild=1&keywords=hand+sanitizer&qid=1589862431&sprefix=hand%2Caps%2C271&sr=8-26
Moisturizing Hand Sanitizer 62% Ethyl Alcohol (8oz),4.0,/Moisturizing-Hand-Sanitizer-Ethyl-Alcohol/dp/B0873YDY7W/ref=sr_1_27?crid=60MVQM6QJ8UL&dchild=1&keywords=hand+sanitizer&qid=1589862431&sprefix=hand%2Caps%2C271&sr=8-27
Hand Sanitizer Gel Gallon Bulk Refill Size - Waterless Hand Cleaner Gel - 62% Alcohol - 4 Thieves Essential Oil Synergy (Gallon Gel),5.0,/Hand-Sanitizer-Gallon-Bulk-Refill/dp/B0866B8W8Y/ref=sr_1_28?crid=60MVQM6QJ8UL&dchild=1&keywords=hand+sanitizer&qid=1589862431&sprefix=hand%2Caps%2C271&sr=8-28
"Homemade Hand Sanitizer, Disinfectant Spray, Sanitizing Wipes, Face Mask with Fabrics, And Toilet  Paper : Quick and Easy Recipes and instructions to Homemade Hand Sanitizer, Face Mask, Sanitiz",5.0,/Homemade-Sanitizer-Disinfectant-Sanitizing-Fabrics-ebook/dp/B087BQMGL8/ref=sr_1_29?crid=60MVQM6QJ8UL&dchild=1&keywords=hand+sanitizer&qid=1589862431&sprefix=hand%2Caps%2C271&sr=8-29
DIY HOMEMADE HAND SANITIZER,5.0,/HOMEMADE-HAND-SANITIZER-Rich-Vosburgh-ebook/dp/B086WL699S/ref=sr_1_31?crid=60MVQM6QJ8UL&dchild=1&keywords=hand+sanitizer&qid=1589862431&sprefix=hand%2Caps%2C271&sr=8-31
"Gel Hand Cleaner 70 Percent isopropyl alcohol, One Gallon pump Bottle.",3.9,/Cleaner-Percent-isopropyl-alcohol-Bottle/dp/B0881YCT41/ref=sr_1_33?crid=60MVQM6QJ8UL&dchild=1&keywords=hand+sanitizer&qid=1589862431&sprefix=hand%2Caps%2C271&sr=8-33
"TONYMOLY Alcohol Aloe Hand Gel, 3 Count",3.1,/TONYMOLY-Alcohol-Aloe-Hand-Count/dp/B085R4BWRL/ref=sr_1_34?crid=60MVQM6QJ8UL&dchild=1&keywords=hand+sanitizer&qid=1589862431&sprefix=hand%2Caps%2C271&sr=8-34
"Artnaturals Alcohol Based Gel Hand Sanitizer (6 Pack x 8 Fl Oz / 220ml) Infused with Alovera Gel, Jojoba Oil & Vitamin E - Unscented Scent Free Sanitize",3.7,/Artnaturals-Alcohol-Sanitizer-Infused-Alovera/dp/B0866C97SQ/ref=sr_1_35?crid=60MVQM6QJ8UL&dchild=1&keywords=hand+sanitizer&qid=1589862431&sprefix=hand%2Caps%2C271&sr=8-35
Homemade Hand Sanitizer: Make Your Own Alcohol Based  Anti Bacterial  Hand Sanitizer In 15 Minute,4.9,/Homemade-Hand-Sanitizer-Alcohol-Bacterial-ebook/dp/B0881WVGL6/ref=sr_1_37?crid=60MVQM6QJ8UL&dchild=1&keywords=hand+sanitizer&qid=1589862431&sprefix=hand%2Caps%2C271&sr=8-37
DIY HOMEMADE DISINFECTANT SPRAY & ANTIBACTERIAL WIPES: Easy Step-by-Step Guide (with Pictures) to Make your Hand Sanitizer Germicidal Wipes & Sanitizing Spray at Home. Do It Yourself in 5 minutes!,4.7,/HOMEMADE-DISINFECTANT-SPRAY-ANTIBACTERIAL-WIPES-ebook/dp/B088F4RW63/ref=sr_1_38?crid=60MVQM6QJ8UL&dchild=1&keywords=hand+sanitizer&qid=1589862431&sprefix=hand%2Caps%2C271&sr=8-38
"DermEssentials Advanced Hand Sanitizer Liquid Gel Infused with 70% Alcohol, Aloe Vera and Vitamin E, FDA Approved Antibacterial Gel – 8 FL oz (2)",5.0,/DermEssentials-Advanced-Sanitizer-Approved-Antibacterial/dp/B087PLM134/ref=sr_1_41?crid=60MVQM6QJ8UL&dchild=1&keywords=hand+sanitizer&qid=1589862431&sprefix=hand%2Caps%2C271&sr=8-41
"DIY Homemade Masks, Wipes, and Hand Sanitizer: Hand Sanitizer with Simple Ingredients. Making Different Types of Protective Masks at Home. Antibacterial Wipes for Home",4.7,/Homemade-Masks-Wipes-Hand-Sanitizer-ebook/dp/B088LZNVX5/ref=sr_1_42?crid=60MVQM6QJ8UL&dchild=1&keywords=hand+sanitizer&qid=1589862431&sprefix=hand%2Caps%2C271&sr=8-42
"O'Keeffe's Night Treatment Hand Cream, 3 Ounce Tube, White",4.7,/OKeeffes-102965-Night-Treatment-Cream/dp/B07SM1446J/ref=sr_1_45?crid=60MVQM6QJ8UL&dchild=1&keywords=hand+sanitizer&qid=1589862431&sprefix=hand%2Caps%2C271&sr=8-45
"NewLife Hand Sanitizer with Vitamin E & B5 - Kills Germs Without Soap & Water - Refreshing Gel, Made in USA - 7.8 oz, 2 Pack",4.1,/NewLife-Hand-Sanitizer-Vitamin-Refreshing/dp/B086Q52PW4/ref=sr_1_46?crid=60MVQM6QJ8UL&dchild=1&keywords=hand+sanitizer&qid=1589862431&sprefix=hand%2Caps%2C271&sr=8-46
"Hand Sanitizer Gel, Speed Dry Refreshing Moisturizing Hand Soap, Disposable Hand sanitizer, Gentle Hydrating Non-irritating, Pump Bottle (500ML)",3.5,/Sanitizer-Refreshing-Moisturizing-Disposable-Non-irritating/dp/B087JT4DD8/ref=sr_1_47?crid=60MVQM6QJ8UL&dchild=1&keywords=hand+sanitizer&qid=1589862431&sprefix=hand%2Caps%2C271&sr=8-47
iS CLINICAL HAND SANITIZER SPRAY - ALCOHOL ANTISEPTIC 80% TOPICAL SOLUTION HAND SANITIZER NON-STERILE SOLUTION,4.1,/CLINICAL-HAND-SANITIZER-SPRAY-NON-STERILE/dp/B0876XS9Q8/ref=sr_1_49?crid=60MVQM6QJ8UL&dchild=1&keywords=hand+sanitizer&qid=1589862442&sprefix=hand%2Caps%2C271&sr=8-49
"Chemical Guys HYG10016 Alcohol Antiseptic 80% Topical Solution Hand Sanitizer (16 oz), 16. Fluid_Ounces",4.1,/Chemical-Guys-HYG10016-Antiseptic-Fluid_Ounces/dp/B086WNQ96H/ref=sr_1_50?crid=60MVQM6QJ8UL&dchild=1&keywords=hand+sanitizer&qid=1589862442&sprefix=hand%2Caps%2C271&sr=8-50
"Moms' DIY Hand Sanitizer Survival Guide: No-Nonsense, Super-Effective Formulas For Homemade Hand Sanitizer Spray, Wipes & Household Disinfectant",3.5,/Moms-Hand-Sanitizer-Survival-Guide-ebook/dp/B086T45483/ref=sr_1_51?crid=60MVQM6QJ8UL&dchild=1&keywords=hand+sanitizer&qid=1589862442&sprefix=hand%2Caps%2C271&sr=8-51
"Advanced Hand Sanitizer, Large Bulk Refill Liquid, 80% Alcohol, 1 Gallon, 128 Fl Oz, Made in USA - Unscented",3.3,/Advanced-PlusHand-Sanitizer-Liquid-Gallon/dp/B087Z4BCSH/ref=sr_1_52?crid=60MVQM6QJ8UL&dchild=1&keywords=hand+sanitizer&qid=1589862442&sprefix=hand%2Caps%2C271&sr=8-52
"Vita Vie Moisturizing Hand Disinfectant, Unscented Hand Sanitizer, 8 oz - No-Soap, Rinse-free Hand Cleaner",3.8,/Vita-Moisturizing-Disinfectant-Unscented-Sanitizer/dp/B085LSQZK8/ref=sr_1_55?crid=60MVQM6QJ8UL&dchild=1&keywords=hand+sanitizer&qid=1589862442&sprefix=hand%2Caps%2C271&sr=8-55
"Wash Free Hand S-anitizer Gel 300ml, Rinse Free and Portable Hand Wash Gel, Hydrating Smoothing Non-irritating Hand Gel,liquid, Non-foam,Travel Size",3.5,/S-anitizer-Portable-Hydrating-Smoothing-Non-irritating/dp/B087Z6G1PT/ref=sr_1_58?crid=60MVQM6QJ8UL&dchild=1&keywords=hand+sanitizer&qid=1589862442&sprefix=hand%2Caps%2C271&sr=8-58
"Hempz Triple Moisture Herbal Moisturizing Hand Sanitizer, 2.25 oz. - Scented Antibacterial Gel for Hands - Kills 99% of Germs, Grapefruit Fragranced Antiseptic with Skin Hydration",4.6,/Hempz-Triple-Moisture-Moisturizing-Sanitizer/dp/B01D6AQV7G/ref=sr_1_59?crid=60MVQM6QJ8UL&dchild=1&keywords=hand+sanitizer&qid=1589862442&sprefix=hand%2Caps%2C271&sr=8-59
"Squeaky Clean Antibacterial Hand Sanitizer with Aloe Vera. This natural, gel comes in a handy 16 ounce pump dispenser bottle.",4.2,/Squeaky-Clean-Antibacterial-Sanitizer-dispenser/dp/B00WDMUM2E/ref=sr_1_61?crid=60MVQM6QJ8UL&dchild=1&keywords=hand+sanitizer&qid=1589862442&sprefix=hand%2Caps%2C271&sr=8-61
"3 Pack - Belleza Solution Hand Sanitizer Gel with 70% V/V Alcohol Based, 3.4 OZ (100 ml) Travel Size - (Total 10.2 OZ - 300 ml)",5.0,/Pack-Belleza-Solution-Sanitizer-Alcohol/dp/B087QQQLYM/ref=sr_1_62?crid=60MVQM6QJ8UL&dchild=1&keywords=hand+sanitizer&qid=1589862442&sprefix=hand%2Caps%2C271&sr=8-62
BushKlawz Eco Finest 3 Pack of 2oz Rinse Free 75% Alcohol Instant Hand Sanitizer Gel (3x Bottles of Travel Size 2 oz),3.4,/BushKlawz-Alcohol-Instant-Sanitizer-Bottles/dp/B0876J8HDJ/ref=sr_1_63?crid=60MVQM6QJ8UL&dchild=1&keywords=hand+sanitizer&qid=1589862442&sprefix=hand%2Caps%2C271&sr=8-63
Portable No-wash Quick-Drying Press Hand Sani-tizerSoothing Gel,3.5,/Portable-No-wash-Quick-Drying-Press-Sani-tizerSoothing/dp/B085XDK5T1/ref=sr_1_66?crid=60MVQM6QJ8UL&dchild=1&keywords=hand+sanitizer&qid=1589862442&sprefix=hand%2Caps%2C271&sr=8-66
"Hand Sanitizer Alcohol-Free Re-Moisturizing Cream Using BZK to Kill 99.99% of Germs Persistently. Re-moisturizes Using Sunflower & Shea Butter, 14 Botanicals and Succulents Along with VIT.",3.8,/Alcohol-Free-Re-Moisturizing-Persistently-Re-moisturizes-Botanicals/dp/B00O5BP9MO/ref=sr_1_67?crid=60MVQM6QJ8UL&dchild=1&keywords=hand+sanitizer&qid=1589862442&sprefix=hand%2Caps%2C271&sr=8-67
Hand Sanitizer Gel: One Gallon Alcohol Based Bulk (128 oz) 70% Isopropyl .Alcohol Refill Jug by Regalia,4.5,/Hand-Sanitizer-Gel-Alcohol-Isopropyl/dp/B085NC7LRB/ref=sr_1_68?crid=60MVQM6QJ8UL&dchild=1&keywords=hand+sanitizer&qid=1589862442&sprefix=hand%2Caps%2C271&sr=8-68
Hand Sanitizer Gel - Rinse Free Waterless Hand Cleaner - 62% Alcohol - 4 Thieves Essential Oil Synergy (8oz),4.2,/Hand-Sanitizer-Gel-Waterless-Essential/dp/B085Z81VYP/ref=sr_1_70?crid=60MVQM6QJ8UL&dchild=1&keywords=hand+sanitizer&qid=1589862442&sprefix=hand%2Caps%2C271&sr=8-70
DIY Hand Sanitizer Wipes: Homemade Disposable Sanitizing Wipes - Step By Step Guide With Illustrations On Making Surface And Hand Disinfectant Sanitizer Wipes - Protection Against Germs.,4.7,/DIY-Hand-Sanitizer-Wipes-Illustrations-ebook/dp/B087WX2GJC/ref=sr_1_71?crid=60MVQM6QJ8UL&dchild=1&keywords=hand+sanitizer&qid=1589862442&sprefix=hand%2Caps%2C271&sr=8-71
DIY HOMEMADE DISINFECTANT SPRAY & ANTIBACTERIAL WIPES: Easy Step-by-Step Guide (with Pictures) to Make your Hand Sanitizer Germicidal Wipes & Sanitizing Spray at Home. Do It Yourself in 5 minutes!,4.7,/HOMEMADE-DISINFECTANT-SPRAY-ANTIBACTERIAL-WIPES-ebook/dp/B088F4RW63/ref=sr_1_72?crid=60MVQM6QJ8UL&dchild=1&keywords=hand+sanitizer&qid=1589862442&sprefix=hand%2Caps%2C271&sr=8-72
K Science Hand Sanitizer Gel Alcohol Based Travel Size with Aloe Vera (2 Pack x 2oz),4.9,/Science-Sanitizer-Alcohol-Based-Travel/dp/B086ZNZG5B/ref=sr_1_73?crid=60MVQM6QJ8UL&dchild=1&keywords=hand+sanitizer&qid=1589862442&sprefix=hand%2Caps%2C271&sr=8-73
"Vita Vie Moisturizing Hand Disinfectant, Tea Tree Scented Hand Sanitizer, 8 oz - No-Soap, Rinse-free Hand Cleaner",3.6,/Vita-Moisturizing-Disinfectant-Scented-Sanitizer/dp/B085LSRXF8/ref=sr_1_74?crid=60MVQM6QJ8UL&dchild=1&keywords=hand+sanitizer&qid=1589862442&sprefix=hand%2Caps%2C271&sr=8-74
3-Pack (8 oz bottles) Hand Sanitizer Gel with Aloe & Vitamin E (Kills 99.9% of Germs) by Germs by Gone,3.6,/bottles-Sanitizer-Vitamin-Germs-Gone/dp/B085GJ7QBY/ref=sr_1_75?crid=60MVQM6QJ8UL&dchild=1&keywords=hand+sanitizer&qid=1589862442&sprefix=hand%2Caps%2C271&sr=8-75
The Naked Bee Hand Sanitizer - Orange Blossom Honey Pump 8oz - Orange Blossom Honey Hand Sanitizer (1 Pack),4.4,/Naked-Bee-Orange-Blossom-Sanitizer/dp/B006RAA9MG/ref=sr_1_76?crid=60MVQM6QJ8UL&dchild=1&keywords=hand+sanitizer&qid=1589862442&sprefix=hand%2Caps%2C271&sr=8-76
Instant Hand Sanitize Gel - 3 Pack Value Size Advanced Natural Hand Sanitize Cleaner Portable Aloe Vera Moisturizer Packaging May Vary,3.1,/Instant-Hand-Sanitize-Gel-Moisturizer/dp/B086CFNRQD/ref=sr_1_77?crid=60MVQM6QJ8UL&dchild=1&keywords=hand+sanitizer&qid=1589862442&sprefix=hand%2Caps%2C271&sr=8-77
"NewLife Hand Sanitizer with Vitamin E & B5 - Kills Germs Without Soap & Water - Refreshing Gel, Made in USA - 7.8 oz, 3 Pack",4.3,/NewLife-Hand-Sanitizer-Vitamin-Refreshing/dp/B086PFX68W/ref=sr_1_78?crid=60MVQM6QJ8UL&dchild=1&keywords=hand+sanitizer&qid=1589862442&sprefix=hand%2Caps%2C271&sr=8-78
"GOJO NATURAL ORANGE Pumice Industrial Hand Cleaner, 1 Gallon Quick Acting Lotion Hand Cleaner with Pumice Pump Bottle – 0955-04",4.5,/NATURAL-ORANGE-Pumice-Industrial-Cleaner/dp/B000CCOK6Q/ref=sr_1_80?crid=60MVQM6QJ8UL&dchild=1&keywords=hand+sanitizer&qid=1589862442&sprefix=hand%2Caps%2C271&sr=8-80
"Sanitize with Soap - DIY Liquid Soap, Bar Soap, Natural Household Cleansers & Sanitizers: Make Toilet Cleaner, Body Wash Gel, Hand Sanitizer, Kitchen Cleaner, Laundry Detergent, Baby Wash & Much More",4.7,/Sanitize-Soap-Household-Cleansers-Sanitizers-ebook/dp/B087M6QWTL/ref=sr_1_81?crid=60MVQM6QJ8UL&dchild=1&keywords=hand+sanitizer&qid=1589862442&sprefix=hand%2Caps%2C271&sr=8-81
"DIY HOMEMADE MEDICAL FACE MASK, HAND SANITIZER, DISINFECTANT SPRAY & ANTIBACTERIAL WIPES: A Practical Guide to Create Your Sanitizer Home Kit in Less Than 10 Minutes for Less Than $1 a Piece!",3.6,/HOMEMADE-MEDICAL-SANITIZER-DISINFECTANT-ANTIBACTERIAL-ebook/dp/B088C11WRC/ref=sr_1_82?crid=60MVQM6QJ8UL&dchild=1&keywords=hand+sanitizer&qid=1589862442&sprefix=hand%2Caps%2C271&sr=8-82
Instant Hand Wash Gel Travel Size Non-Rinse Hand Washing Cleaner Effective 99.99% Skin Cleaning Refreshing Gel Moisturizing Portable Foam Hand Soap,3.7,/Non-Rinse-Effective-Cleaning-Refreshing-Moisturizing/dp/B085LBT7HD/ref=sr_1_85?crid=60MVQM6QJ8UL&dchild=1&keywords=hand+sanitizer&qid=1589862442&sprefix=hand%2Caps%2C271&sr=8-85
"Premium Grade Hand Sanitizer Liquid Refill, 80% Alcohol - 1 Gallon, 128 Fl Oz, WHO Approved, Made in USA (1 Pack)",3.4,/Premium-Sanitizer-Liquid-Refill-Alcohol/dp/B0886BRNSG/ref=sr_1_88?crid=60MVQM6QJ8UL&dchild=1&keywords=hand+sanitizer&qid=1589862442&sprefix=hand%2Caps%2C271&sr=8-88
"Mehron Hand Hygiene Gel, Rinse-Free Hand Wash - Hand Sanitizer with Aloe Vera, Vitamin E, 16 Ounce",5.0,/Mehron-Hand-Hygiene-Rinse-Free-Wash/dp/B086H5HP8R/ref=sr_1_91?crid=60MVQM6QJ8UL&dchild=1&keywords=hand+sanitizer&qid=1589862442&sprefix=hand%2Caps%2C271&sr=8-91
"Waterless Hand Cleanser in 8 oz Bottle, Made in USA (Black Cherry, Key Lime and Melon Sherbet, 1 Count)",4.3,/Waterless-Cleanser-Bottle-Cherry-Sherbet/dp/B08774NXJR/ref=sr_1_92?crid=60MVQM6QJ8UL&dchild=1&keywords=hand+sanitizer&qid=1589862442&sprefix=hand%2Caps%2C271&sr=8-92
"Olivia Care Hand Sanitizer – Alcohol Based & Infused with Purifying Lavender Essential Oil - 99.9% Effective Germ-Killing, Portable, Moisturizing, Disinfecting. Remove Bacteria, Germs & Dirt - 4 FL OZ",3.8,/Olivia-Care-Hand-Sanitizer-Disinfecting/dp/B085DHXFVD/ref=sr_1_93?crid=60MVQM6QJ8UL&dchild=1&keywords=hand+sanitizer&qid=1589862442&sprefix=hand%2Caps%2C271&sr=8-93
"Cleace Advanced 75% Alcohol Sanitizer Gel, 1 large bottle, 16.9 oz",5.0,/Cleace-Advanced-Alcohol-Sanitizer-bottle/dp/B087M5KTBM/ref=sr_1_94?crid=60MVQM6QJ8UL&dchild=1&keywords=hand+sanitizer&qid=1589862442&sprefix=hand%2Caps%2C271&sr=8-94
"Hand Pop, Hand Wipes, Lemon Scent, 24 Single Use Wet Wipes Towelette, Alcohol Free Hand Wipes, Super Convenient Application, Hand Wipes Travel Size.",3.3,/BarberUpp-HAND-POP-Lemon/dp/B07V9B51S9/ref=sr_1_95?crid=60MVQM6QJ8UL&dchild=1&keywords=hand+sanitizer&qid=1589862442&sprefix=hand%2Caps%2C271&sr=8-95
"Gel Hand Cleaner 70 Percent isopropyl alcohol, One Gallon pump Bottle.",3.9,/Cleaner-Percent-isopropyl-alcohol-Bottle/dp/B0881YCT41/ref=sr_1_96?crid=60MVQM6QJ8UL&dchild=1&keywords=hand+sanitizer&qid=1589862442&sprefix=hand%2Caps%2C271&sr=8-96
